{"cameraMode":{"drawMode":0,"name":"Shaded","section":"Shading Mode"},"sceneLighting":false,"audioPlay":false,"sceneViewState":{"showFog":true,"showMaterialUpdate":false,"showSkybox":false,"showFlares":true,"showImageEffects":true,"showParticleSystems":true},"in2DMode":false,"pivot":{"x":-4.033161640167236,"y":33.87879943847656,"z":30.244152069091798},"rotation":{"x":-0.135200634598732,"y":-0.8641602396965027,"z":0.32471901178359988,"w":-0.3600457012653351},"size":6.208915710449219,"orthographic":true}