{"cameraMode":{"drawMode":0,"name":"Shaded","section":"Shading Mode"},"sceneLighting":true,"audioPlay":false,"sceneViewState":{"showFog":true,"showMaterialUpdate":false,"showSkybox":true,"showFlares":true,"showImageEffects":true,"showParticleSystems":true},"in2DMode":false,"pivot":{"x":-26.65186309814453,"y":0.35833048820495608,"z":-10.33182144165039},"rotation":{"x":0.21918286383152009,"y":0.126692533493042,"z":-0.02872791700065136,"w":0.9670015573501587},"size":2.250943899154663,"orthographic":true}